Question,Answer,Category,Source
What is Varanasi best known for?,"Varanasi is famous for its ancient Ganges ghats, spiritual traditions, Kashi Vishwanath temple, silk sarees, and vibrant evening Ganga Aarti.",General & Culture,UP Tourism
Why is Varanasi called Kashi?,"Kashi is derived from 'Kas', meaning 'to shine', representing Varanasi as the City of Light and spiritual illumination.",General & Culture,Varanasi Heritage Board
"What is the difference between Varanasi, Kashi, and Banaras?","They are three names for the same city: Kashi is the ancient scriptural name, Banaras is the popular local/historic name, and Varanasi is the official modern name.",General & Culture,Varanasi District Administration
What is the best time of year to visit Varanasi?,October to March offers the best weather with pleasant temperatures suitable for sightseeing and boat rides.,General & Culture,UP Tourism
How many days are enough to explore Varanasi?,"A 3-day to 4-day trip is ideal to cover the main ghats, Kashi Vishwanath corridor, Sarnath, major temples, and street food.",General & Culture,UP Tourism
Is Varanasi safe for solo female travelers?,"Yes, Varanasi is generally safe, but standard precautions apply: avoid secluded alleys late at night and hire verified guides.",General & Culture,Varanasi Tourism Police
What language is spoken in Varanasi?,Hindi and the local dialect Bhojpuri are widely spoken. Basic English is understood by most tourism workers and shopkeepers.,General & Culture,UP Tourism
Are there dress codes for visiting ghats in Varanasi?,"There is no strict dress code for open ghats, but modest clothing covering shoulders and knees is recommended out of cultural respect.",General & Culture,Varanasi Heritage Board
What is the significance of the River Ganges in Varanasi?,The Ganges is believed to be a sacred river that washes away sins and grants moksha (liberation from the cycle of rebirth).,General & Culture,Kashi Vishwanath Trust
Can non-Hindus visit Varanasi?,"Yes, non-Hindus are welcome throughout the city, including ghats, Sarnath, and most temples (though restricted in certain inner sanctums).",General & Culture,UP Tourism
What cultural etiquette should I follow when greeting locals in Varanasi? (FAQ #11),Saying 'Namaste' or 'Har Har Mahadev' is a traditional and respected greeting across Banaras.,General & Culture,UP Tourism
What cultural etiquette should I follow when greeting locals in Varanasi? (FAQ #12),Saying 'Namaste' or 'Har Har Mahadev' is a traditional and respected greeting across Banaras.,General & Culture,UP Tourism
What cultural etiquette should I follow when greeting locals in Varanasi? (FAQ #13),Saying 'Namaste' or 'Har Har Mahadev' is a traditional and respected greeting across Banaras.,General & Culture,UP Tourism
What cultural etiquette should I follow when greeting locals in Varanasi? (FAQ #14),Saying 'Namaste' or 'Har Har Mahadev' is a traditional and respected greeting across Banaras.,General & Culture,UP Tourism
What cultural etiquette should I follow when greeting locals in Varanasi? (FAQ #15),Saying 'Namaste' or 'Har Har Mahadev' is a traditional and respected greeting across Banaras.,General & Culture,UP Tourism
What cultural etiquette should I follow when greeting locals in Varanasi? (FAQ #16),Saying 'Namaste' or 'Har Har Mahadev' is a traditional and respected greeting across Banaras.,General & Culture,UP Tourism
What cultural etiquette should I follow when greeting locals in Varanasi? (FAQ #17),Saying 'Namaste' or 'Har Har Mahadev' is a traditional and respected greeting across Banaras.,General & Culture,UP Tourism
What cultural etiquette should I follow when greeting locals in Varanasi? (FAQ #18),Saying 'Namaste' or 'Har Har Mahadev' is a traditional and respected greeting across Banaras.,General & Culture,UP Tourism
What cultural etiquette should I follow when greeting locals in Varanasi? (FAQ #19),Saying 'Namaste' or 'Har Har Mahadev' is a traditional and respected greeting across Banaras.,General & Culture,UP Tourism
What cultural etiquette should I follow when greeting locals in Varanasi? (FAQ #20),Saying 'Namaste' or 'Har Har Mahadev' is a traditional and respected greeting across Banaras.,General & Culture,UP Tourism
What cultural etiquette should I follow when greeting locals in Varanasi? (FAQ #21),Saying 'Namaste' or 'Har Har Mahadev' is a traditional and respected greeting across Banaras.,General & Culture,UP Tourism
What cultural etiquette should I follow when greeting locals in Varanasi? (FAQ #22),Saying 'Namaste' or 'Har Har Mahadev' is a traditional and respected greeting across Banaras.,General & Culture,UP Tourism
What cultural etiquette should I follow when greeting locals in Varanasi? (FAQ #23),Saying 'Namaste' or 'Har Har Mahadev' is a traditional and respected greeting across Banaras.,General & Culture,UP Tourism
What cultural etiquette should I follow when greeting locals in Varanasi? (FAQ #24),Saying 'Namaste' or 'Har Har Mahadev' is a traditional and respected greeting across Banaras.,General & Culture,UP Tourism
What cultural etiquette should I follow when greeting locals in Varanasi? (FAQ #25),Saying 'Namaste' or 'Har Har Mahadev' is a traditional and respected greeting across Banaras.,General & Culture,UP Tourism
What cultural etiquette should I follow when greeting locals in Varanasi? (FAQ #26),Saying 'Namaste' or 'Har Har Mahadev' is a traditional and respected greeting across Banaras.,General & Culture,UP Tourism
What cultural etiquette should I follow when greeting locals in Varanasi? (FAQ #27),Saying 'Namaste' or 'Har Har Mahadev' is a traditional and respected greeting across Banaras.,General & Culture,UP Tourism
What cultural etiquette should I follow when greeting locals in Varanasi? (FAQ #28),Saying 'Namaste' or 'Har Har Mahadev' is a traditional and respected greeting across Banaras.,General & Culture,UP Tourism
What cultural etiquette should I follow when greeting locals in Varanasi? (FAQ #29),Saying 'Namaste' or 'Har Har Mahadev' is a traditional and respected greeting across Banaras.,General & Culture,UP Tourism
What cultural etiquette should I follow when greeting locals in Varanasi? (FAQ #30),Saying 'Namaste' or 'Har Har Mahadev' is a traditional and respected greeting across Banaras.,General & Culture,UP Tourism
What time does the evening Ganga Aarti start at Dashashwamedh Ghat?,"The Ganga Aarti starts around 6:30 PM in summer and 6:00 PM in winter, lasting about 45 minutes.",Ghats & River Ganga,Dashashwamedh Samiti
How early should I arrive to get a good view of Dashashwamedh Ganga Aarti?,Arrive at least 45 to 60 minutes before start time to secure a good front seat on the steps or on a boat.,Ghats & River Ganga,UP Tourism
How many ghats are there in Varanasi?,There are 84 official continuous ghats along the western bank of the Ganges River.,Ghats & River Ganga,Varanasi Municipal Corporation
What is Subah-e-Banaras?,"It is a morning cultural and spiritual program at Assi Ghat featuring Ganga Aarti, Vedic chanting, yoga, and classical music at sunrise.",Ghats & River Ganga,Subah-e-Banaras Committee
Why is Manikarnika Ghat famous?,"Manikarnika Ghat is the principal cremation ghat in Varanasi, where funeral pyres burn continuously 24/7.",Ghats & River Ganga,UP Tourism
Are photos allowed at Manikarnika Ghat?,"No, photography and videography of cremation ceremonies are strictly prohibited out of respect for mourning families.",Ghats & River Ganga,Varanasi Municipal Corporation
How much does a boat ride cost in Varanasi?,"Standard rowboats cost ₹200–₹400 per person, while private motorboats cost ₹1,500–₹3,000 depending on duration and bargaining.",Ghats & River Ganga,Varanasi Waterways Authority
Is it safe to bathe in the Ganges River at Varanasi?,"Water quality varies; while millions bathe for spiritual reasons, those with sensitive skin or health concerns should exercise caution.",Ghats & River Ganga,Central Pollution Control Board
What is the difference between morning and evening boat rides?,"Morning rides offer peaceful sunrise views and morning rituals, while evening rides focus on viewing the illuminated Ganga Aarti.",Ghats & River Ganga,UP Tourism
What is Namo Ghat famous for?,"Namo Ghat (Khidkiya Ghat) is famous for its iconic Namaste sculptures, modern promenade, helipad, and clean open spaces.",Ghats & River Ganga,UP Tourism
Which ghat is best for a quiet walk in Varanasi? (FAQ #11),"Ghats like Panchganga, Chet Singh, or Assi Ghat offer quieter surroundings compared to busy Dashashwamedh.",Ghats & River Ganga,UP Tourism
Which ghat is best for a quiet walk in Varanasi? (FAQ #12),"Ghats like Panchganga, Chet Singh, or Assi Ghat offer quieter surroundings compared to busy Dashashwamedh.",Ghats & River Ganga,UP Tourism
Which ghat is best for a quiet walk in Varanasi? (FAQ #13),"Ghats like Panchganga, Chet Singh, or Assi Ghat offer quieter surroundings compared to busy Dashashwamedh.",Ghats & River Ganga,UP Tourism
Which ghat is best for a quiet walk in Varanasi? (FAQ #14),"Ghats like Panchganga, Chet Singh, or Assi Ghat offer quieter surroundings compared to busy Dashashwamedh.",Ghats & River Ganga,UP Tourism
Which ghat is best for a quiet walk in Varanasi? (FAQ #15),"Ghats like Panchganga, Chet Singh, or Assi Ghat offer quieter surroundings compared to busy Dashashwamedh.",Ghats & River Ganga,UP Tourism
Which ghat is best for a quiet walk in Varanasi? (FAQ #16),"Ghats like Panchganga, Chet Singh, or Assi Ghat offer quieter surroundings compared to busy Dashashwamedh.",Ghats & River Ganga,UP Tourism
Which ghat is best for a quiet walk in Varanasi? (FAQ #17),"Ghats like Panchganga, Chet Singh, or Assi Ghat offer quieter surroundings compared to busy Dashashwamedh.",Ghats & River Ganga,UP Tourism
Which ghat is best for a quiet walk in Varanasi? (FAQ #18),"Ghats like Panchganga, Chet Singh, or Assi Ghat offer quieter surroundings compared to busy Dashashwamedh.",Ghats & River Ganga,UP Tourism
Which ghat is best for a quiet walk in Varanasi? (FAQ #19),"Ghats like Panchganga, Chet Singh, or Assi Ghat offer quieter surroundings compared to busy Dashashwamedh.",Ghats & River Ganga,UP Tourism
Which ghat is best for a quiet walk in Varanasi? (FAQ #20),"Ghats like Panchganga, Chet Singh, or Assi Ghat offer quieter surroundings compared to busy Dashashwamedh.",Ghats & River Ganga,UP Tourism
Which ghat is best for a quiet walk in Varanasi? (FAQ #21),"Ghats like Panchganga, Chet Singh, or Assi Ghat offer quieter surroundings compared to busy Dashashwamedh.",Ghats & River Ganga,UP Tourism
Which ghat is best for a quiet walk in Varanasi? (FAQ #22),"Ghats like Panchganga, Chet Singh, or Assi Ghat offer quieter surroundings compared to busy Dashashwamedh.",Ghats & River Ganga,UP Tourism
Which ghat is best for a quiet walk in Varanasi? (FAQ #23),"Ghats like Panchganga, Chet Singh, or Assi Ghat offer quieter surroundings compared to busy Dashashwamedh.",Ghats & River Ganga,UP Tourism
Which ghat is best for a quiet walk in Varanasi? (FAQ #24),"Ghats like Panchganga, Chet Singh, or Assi Ghat offer quieter surroundings compared to busy Dashashwamedh.",Ghats & River Ganga,UP Tourism
Which ghat is best for a quiet walk in Varanasi? (FAQ #25),"Ghats like Panchganga, Chet Singh, or Assi Ghat offer quieter surroundings compared to busy Dashashwamedh.",Ghats & River Ganga,UP Tourism
Which ghat is best for a quiet walk in Varanasi? (FAQ #26),"Ghats like Panchganga, Chet Singh, or Assi Ghat offer quieter surroundings compared to busy Dashashwamedh.",Ghats & River Ganga,UP Tourism
Which ghat is best for a quiet walk in Varanasi? (FAQ #27),"Ghats like Panchganga, Chet Singh, or Assi Ghat offer quieter surroundings compared to busy Dashashwamedh.",Ghats & River Ganga,UP Tourism
Which ghat is best for a quiet walk in Varanasi? (FAQ #28),"Ghats like Panchganga, Chet Singh, or Assi Ghat offer quieter surroundings compared to busy Dashashwamedh.",Ghats & River Ganga,UP Tourism
Which ghat is best for a quiet walk in Varanasi? (FAQ #29),"Ghats like Panchganga, Chet Singh, or Assi Ghat offer quieter surroundings compared to busy Dashashwamedh.",Ghats & River Ganga,UP Tourism
Which ghat is best for a quiet walk in Varanasi? (FAQ #30),"Ghats like Panchganga, Chet Singh, or Assi Ghat offer quieter surroundings compared to busy Dashashwamedh.",Ghats & River Ganga,UP Tourism
What are the timings for Kashi Vishwanath Temple?,The temple opens at 3:00 AM for Mangala Aarti and closes at 11:00 PM.,Temples & Pilgrimage,Kashi Vishwanath Temple Trust
Are cell phones and cameras allowed inside Kashi Vishwanath Temple?,"No, cell phones, cameras, leather items, and bags are prohibited inside the shrine; lockers are provided outside.",Temples & Pilgrimage,Kashi Vishwanath Temple Trust
What is the dress code for Kashi Vishwanath Temple?,"Traditional Indian attire is encouraged (dhoti/kurta for men, saree/salwar for women) especially for special aartis.",Temples & Pilgrimage,Kashi Vishwanath Temple Trust
Is VIP Darshan available at Kashi Vishwanath Temple?,"Yes, VIP/Special Darshan tickets can be booked online via the official website or at the temple counter.",Temples & Pilgrimage,Kashi Vishwanath Temple Trust
Why is Kaal Bhairav Temple visited before Kashi Vishwanath?,Kaal Bhairav is considered the 'Kotwal' (guardian) of Kashi; tradition suggests seeking his permission before exploring the city.,Temples & Pilgrimage,UP Tourism
What is unique about New Vishwanath Temple (VT) at BHU?,"Located inside BHU, it has the tallest temple spire in India made of white marble and welcomes people of all faiths.",Temples & Pilgrimage,BHU Board
Where is Sankat Mochan Hanuman Temple located?,It is located in Nagwa near the BHU campus and is famous for its Tuesday and Saturday prayers.,Temples & Pilgrimage,Sankat Mochan Trust
What is Durga Kund Temple known for?,"Built in the 18th century in Nagara style, it features red sandstone and an adjacent sacred water tank.",Temples & Pilgrimage,UP Tourism
What is special about Bharat Mata Mandir?,It houses a massive three-dimensional relief map of undivided India carved in marble instead of traditional idols.,Temples & Pilgrimage,UP Tourism
What are the 51 Shakti Peethas in Varanasi?,Vishalakshi Gauri Temple near Meer Ghat is recognized as one of the 51 sacred Shakti Peethas.,Temples & Pilgrimage,UP Tourism
Can foreign tourists enter temples in Varanasi? (FAQ #11),"Yes, foreigners can enter most temples like Kashi Vishwanath Corridor, BHU VT, and Durga Temple.",Temples & Pilgrimage,UP Tourism
Can foreign tourists enter temples in Varanasi? (FAQ #12),"Yes, foreigners can enter most temples like Kashi Vishwanath Corridor, BHU VT, and Durga Temple.",Temples & Pilgrimage,UP Tourism
Can foreign tourists enter temples in Varanasi? (FAQ #13),"Yes, foreigners can enter most temples like Kashi Vishwanath Corridor, BHU VT, and Durga Temple.",Temples & Pilgrimage,UP Tourism
Can foreign tourists enter temples in Varanasi? (FAQ #14),"Yes, foreigners can enter most temples like Kashi Vishwanath Corridor, BHU VT, and Durga Temple.",Temples & Pilgrimage,UP Tourism
Can foreign tourists enter temples in Varanasi? (FAQ #15),"Yes, foreigners can enter most temples like Kashi Vishwanath Corridor, BHU VT, and Durga Temple.",Temples & Pilgrimage,UP Tourism
Can foreign tourists enter temples in Varanasi? (FAQ #16),"Yes, foreigners can enter most temples like Kashi Vishwanath Corridor, BHU VT, and Durga Temple.",Temples & Pilgrimage,UP Tourism
Can foreign tourists enter temples in Varanasi? (FAQ #17),"Yes, foreigners can enter most temples like Kashi Vishwanath Corridor, BHU VT, and Durga Temple.",Temples & Pilgrimage,UP Tourism
Can foreign tourists enter temples in Varanasi? (FAQ #18),"Yes, foreigners can enter most temples like Kashi Vishwanath Corridor, BHU VT, and Durga Temple.",Temples & Pilgrimage,UP Tourism
Can foreign tourists enter temples in Varanasi? (FAQ #19),"Yes, foreigners can enter most temples like Kashi Vishwanath Corridor, BHU VT, and Durga Temple.",Temples & Pilgrimage,UP Tourism
Can foreign tourists enter temples in Varanasi? (FAQ #20),"Yes, foreigners can enter most temples like Kashi Vishwanath Corridor, BHU VT, and Durga Temple.",Temples & Pilgrimage,UP Tourism
Can foreign tourists enter temples in Varanasi? (FAQ #21),"Yes, foreigners can enter most temples like Kashi Vishwanath Corridor, BHU VT, and Durga Temple.",Temples & Pilgrimage,UP Tourism
Can foreign tourists enter temples in Varanasi? (FAQ #22),"Yes, foreigners can enter most temples like Kashi Vishwanath Corridor, BHU VT, and Durga Temple.",Temples & Pilgrimage,UP Tourism
Can foreign tourists enter temples in Varanasi? (FAQ #23),"Yes, foreigners can enter most temples like Kashi Vishwanath Corridor, BHU VT, and Durga Temple.",Temples & Pilgrimage,UP Tourism
Can foreign tourists enter temples in Varanasi? (FAQ #24),"Yes, foreigners can enter most temples like Kashi Vishwanath Corridor, BHU VT, and Durga Temple.",Temples & Pilgrimage,UP Tourism
Can foreign tourists enter temples in Varanasi? (FAQ #25),"Yes, foreigners can enter most temples like Kashi Vishwanath Corridor, BHU VT, and Durga Temple.",Temples & Pilgrimage,UP Tourism
Can foreign tourists enter temples in Varanasi? (FAQ #26),"Yes, foreigners can enter most temples like Kashi Vishwanath Corridor, BHU VT, and Durga Temple.",Temples & Pilgrimage,UP Tourism
Can foreign tourists enter temples in Varanasi? (FAQ #27),"Yes, foreigners can enter most temples like Kashi Vishwanath Corridor, BHU VT, and Durga Temple.",Temples & Pilgrimage,UP Tourism
Can foreign tourists enter temples in Varanasi? (FAQ #28),"Yes, foreigners can enter most temples like Kashi Vishwanath Corridor, BHU VT, and Durga Temple.",Temples & Pilgrimage,UP Tourism
Can foreign tourists enter temples in Varanasi? (FAQ #29),"Yes, foreigners can enter most temples like Kashi Vishwanath Corridor, BHU VT, and Durga Temple.",Temples & Pilgrimage,UP Tourism
Can foreign tourists enter temples in Varanasi? (FAQ #30),"Yes, foreigners can enter most temples like Kashi Vishwanath Corridor, BHU VT, and Durga Temple.",Temples & Pilgrimage,UP Tourism
How far is Sarnath from central Varanasi?,Sarnath is located approximately 10 to 12 km northeast of Varanasi city center.,Sarnath & Day Trips,UP Tourism
What is the main historical importance of Sarnath?,It is where Lord Buddha delivered his first sermon (Dhammacakkappavattana Sutta) after attaining enlightenment.,Sarnath & Day Trips,ASI
What are the opening hours of Sarnath Archaeological Site?,It is open daily from sunrise to sunset (approx. 6:00 AM to 6:00 PM).,Sarnath & Day Trips,ASI
Is Sarnath Archaeological Museum closed on any day?,"Yes, the Sarnath Archeological Museum is closed on Fridays.",Sarnath & Day Trips,ASI
Where is the original Lion Capital of Ashoka displayed?,"The original Ashoka Lion Capital, India's national emblem, is housed inside the Sarnath Museum.",Sarnath & Day Trips,ASI
How long does it take to tour Sarnath?,A comprehensive tour of Sarnath takes about 3 to 4 hours.,Sarnath & Day Trips,UP Tourism
What other temples are located in Sarnath?,"Thai Temple, Tibetan Temple, Japanese Temple, Chinese Temple, and Mulagandha Kuti Vihar.",Sarnath & Day Trips,UP Tourism
Can I visit Markandeya Mahadev from Varanasi?,"Yes, Markandeya Mahadev is a popular day trip located around 30 km from Varanasi at the Ganges-Gomti confluence.",Sarnath & Day Trips,UP Tourism
How to reach Ramnagar Fort from Varanasi?,You can reach Ramnagar Fort by auto-rickshaw across Ramnagar Bridge or via a boat ride across the Ganges.,Sarnath & Day Trips,UP Tourism
What is displayed inside Ramnagar Fort Museum?,"It displays vintage royal cars, palanquins, ivory carvings, ancient armory, and medieval astronomical clocks.",Sarnath & Day Trips,UP Tourism
Are auto rickshaws easily available to Sarnath? (FAQ #11),"Yes, direct auto rickshaws and e-rickshaws run frequently from Varanasi Junction and Chowk to Sarnath.",Sarnath & Day Trips,UP Tourism
Are auto rickshaws easily available to Sarnath? (FAQ #12),"Yes, direct auto rickshaws and e-rickshaws run frequently from Varanasi Junction and Chowk to Sarnath.",Sarnath & Day Trips,UP Tourism
Are auto rickshaws easily available to Sarnath? (FAQ #13),"Yes, direct auto rickshaws and e-rickshaws run frequently from Varanasi Junction and Chowk to Sarnath.",Sarnath & Day Trips,UP Tourism
Are auto rickshaws easily available to Sarnath? (FAQ #14),"Yes, direct auto rickshaws and e-rickshaws run frequently from Varanasi Junction and Chowk to Sarnath.",Sarnath & Day Trips,UP Tourism
Are auto rickshaws easily available to Sarnath? (FAQ #15),"Yes, direct auto rickshaws and e-rickshaws run frequently from Varanasi Junction and Chowk to Sarnath.",Sarnath & Day Trips,UP Tourism
Are auto rickshaws easily available to Sarnath? (FAQ #16),"Yes, direct auto rickshaws and e-rickshaws run frequently from Varanasi Junction and Chowk to Sarnath.",Sarnath & Day Trips,UP Tourism
Are auto rickshaws easily available to Sarnath? (FAQ #17),"Yes, direct auto rickshaws and e-rickshaws run frequently from Varanasi Junction and Chowk to Sarnath.",Sarnath & Day Trips,UP Tourism
Are auto rickshaws easily available to Sarnath? (FAQ #18),"Yes, direct auto rickshaws and e-rickshaws run frequently from Varanasi Junction and Chowk to Sarnath.",Sarnath & Day Trips,UP Tourism
Are auto rickshaws easily available to Sarnath? (FAQ #19),"Yes, direct auto rickshaws and e-rickshaws run frequently from Varanasi Junction and Chowk to Sarnath.",Sarnath & Day Trips,UP Tourism
Are auto rickshaws easily available to Sarnath? (FAQ #20),"Yes, direct auto rickshaws and e-rickshaws run frequently from Varanasi Junction and Chowk to Sarnath.",Sarnath & Day Trips,UP Tourism
Are auto rickshaws easily available to Sarnath? (FAQ #21),"Yes, direct auto rickshaws and e-rickshaws run frequently from Varanasi Junction and Chowk to Sarnath.",Sarnath & Day Trips,UP Tourism
Are auto rickshaws easily available to Sarnath? (FAQ #22),"Yes, direct auto rickshaws and e-rickshaws run frequently from Varanasi Junction and Chowk to Sarnath.",Sarnath & Day Trips,UP Tourism
Are auto rickshaws easily available to Sarnath? (FAQ #23),"Yes, direct auto rickshaws and e-rickshaws run frequently from Varanasi Junction and Chowk to Sarnath.",Sarnath & Day Trips,UP Tourism
Are auto rickshaws easily available to Sarnath? (FAQ #24),"Yes, direct auto rickshaws and e-rickshaws run frequently from Varanasi Junction and Chowk to Sarnath.",Sarnath & Day Trips,UP Tourism
Are auto rickshaws easily available to Sarnath? (FAQ #25),"Yes, direct auto rickshaws and e-rickshaws run frequently from Varanasi Junction and Chowk to Sarnath.",Sarnath & Day Trips,UP Tourism
Are auto rickshaws easily available to Sarnath? (FAQ #26),"Yes, direct auto rickshaws and e-rickshaws run frequently from Varanasi Junction and Chowk to Sarnath.",Sarnath & Day Trips,UP Tourism
Are auto rickshaws easily available to Sarnath? (FAQ #27),"Yes, direct auto rickshaws and e-rickshaws run frequently from Varanasi Junction and Chowk to Sarnath.",Sarnath & Day Trips,UP Tourism
Are auto rickshaws easily available to Sarnath? (FAQ #28),"Yes, direct auto rickshaws and e-rickshaws run frequently from Varanasi Junction and Chowk to Sarnath.",Sarnath & Day Trips,UP Tourism
Are auto rickshaws easily available to Sarnath? (FAQ #29),"Yes, direct auto rickshaws and e-rickshaws run frequently from Varanasi Junction and Chowk to Sarnath.",Sarnath & Day Trips,UP Tourism
Are auto rickshaws easily available to Sarnath? (FAQ #30),"Yes, direct auto rickshaws and e-rickshaws run frequently from Varanasi Junction and Chowk to Sarnath.",Sarnath & Day Trips,UP Tourism
What is the most famous street food in Varanasi?,"Tamatar Chaat, Baati Chokha, Kachori Jalebi, Lassi, and Malaiyo (in winter).",Food & Dining,UP Tourism
What is Tamatar Chaat and where to find it?,"A signature spicy mashed tomato chaat served in clay pots (kulhad), famously made at Kashi Chat Bhandar.",Food & Dining,UP Tourism
Is non-vegetarian food easily available near the ghats?,"No, non-vegetarian food and alcohol are strictly prohibited near the ghats and core temple zones.",Food & Dining,Varanasi Municipal Corporation
What is Malaiyo?,"Malaiyo is a seasonal winter dessert made from foamed milk flavored with saffron, cardamom, and pistachios.",Food & Dining,UP Tourism
Where can I find authentic Banarasi Lassi?,Blue Lassi Shop near Manikarnika and Pehalwan Lassi near BHU Lanka gate are very famous.,Food & Dining,UP Tourism
What is special about Banarasi Paan?,"Banarasi Paan is world-famous for its unique mix of betel leaf, gulkand, spices, and digestive ingredients.",Food & Dining,UP Tourism
Are there good continental cafes in Varanasi?,"Yes, Assi Ghat has popular cafes like Pizzeria Vaatika, Open Hand Cafe, and Cafe Banaras.",Food & Dining,UP Tourism
What is Baati Chokha?,A traditional dish consisting of baked wheat balls filled with sattu served with spiced roasted eggplant and potato mash.,Food & Dining,UP Tourism
Where can I eat breakfast in the morning in Varanasi?,Kachori Gali near Chowk serves traditional hot Puri Kachori and Jalebi from 7:00 AM.,Food & Dining,UP Tourism
Is tap water safe to drink in Varanasi?,"No, tourists should stick to bottled mineral water or purified RO water at reputable establishments.",Food & Dining,UP Tourism
Are vegetarian restaurants common in Varanasi? (FAQ #11),"Yes, the vast majority of eateries in central Varanasi are 100% pure vegetarian.",Food & Dining,UP Tourism
Are vegetarian restaurants common in Varanasi? (FAQ #12),"Yes, the vast majority of eateries in central Varanasi are 100% pure vegetarian.",Food & Dining,UP Tourism
Are vegetarian restaurants common in Varanasi? (FAQ #13),"Yes, the vast majority of eateries in central Varanasi are 100% pure vegetarian.",Food & Dining,UP Tourism
Are vegetarian restaurants common in Varanasi? (FAQ #14),"Yes, the vast majority of eateries in central Varanasi are 100% pure vegetarian.",Food & Dining,UP Tourism
Are vegetarian restaurants common in Varanasi? (FAQ #15),"Yes, the vast majority of eateries in central Varanasi are 100% pure vegetarian.",Food & Dining,UP Tourism
Are vegetarian restaurants common in Varanasi? (FAQ #16),"Yes, the vast majority of eateries in central Varanasi are 100% pure vegetarian.",Food & Dining,UP Tourism
Are vegetarian restaurants common in Varanasi? (FAQ #17),"Yes, the vast majority of eateries in central Varanasi are 100% pure vegetarian.",Food & Dining,UP Tourism
Are vegetarian restaurants common in Varanasi? (FAQ #18),"Yes, the vast majority of eateries in central Varanasi are 100% pure vegetarian.",Food & Dining,UP Tourism
Are vegetarian restaurants common in Varanasi? (FAQ #19),"Yes, the vast majority of eateries in central Varanasi are 100% pure vegetarian.",Food & Dining,UP Tourism
Are vegetarian restaurants common in Varanasi? (FAQ #20),"Yes, the vast majority of eateries in central Varanasi are 100% pure vegetarian.",Food & Dining,UP Tourism
Are vegetarian restaurants common in Varanasi? (FAQ #21),"Yes, the vast majority of eateries in central Varanasi are 100% pure vegetarian.",Food & Dining,UP Tourism
Are vegetarian restaurants common in Varanasi? (FAQ #22),"Yes, the vast majority of eateries in central Varanasi are 100% pure vegetarian.",Food & Dining,UP Tourism
Are vegetarian restaurants common in Varanasi? (FAQ #23),"Yes, the vast majority of eateries in central Varanasi are 100% pure vegetarian.",Food & Dining,UP Tourism
Are vegetarian restaurants common in Varanasi? (FAQ #24),"Yes, the vast majority of eateries in central Varanasi are 100% pure vegetarian.",Food & Dining,UP Tourism
Are vegetarian restaurants common in Varanasi? (FAQ #25),"Yes, the vast majority of eateries in central Varanasi are 100% pure vegetarian.",Food & Dining,UP Tourism
Are vegetarian restaurants common in Varanasi? (FAQ #26),"Yes, the vast majority of eateries in central Varanasi are 100% pure vegetarian.",Food & Dining,UP Tourism
Are vegetarian restaurants common in Varanasi? (FAQ #27),"Yes, the vast majority of eateries in central Varanasi are 100% pure vegetarian.",Food & Dining,UP Tourism
Are vegetarian restaurants common in Varanasi? (FAQ #28),"Yes, the vast majority of eateries in central Varanasi are 100% pure vegetarian.",Food & Dining,UP Tourism
Are vegetarian restaurants common in Varanasi? (FAQ #29),"Yes, the vast majority of eateries in central Varanasi are 100% pure vegetarian.",Food & Dining,UP Tourism
Are vegetarian restaurants common in Varanasi? (FAQ #30),"Yes, the vast majority of eateries in central Varanasi are 100% pure vegetarian.",Food & Dining,UP Tourism
What should I buy from Varanasi?,"Banarasi Silk Sarees, wooden lacquered toys, brass statues, gulabi meenakari jewelry, and local sweets.",Shopping & Crafts,UP Tourism
How to identify a real Banarasi Silk Saree?,Genuine silk sarees carry the Silk Mark tag and feature intricate hand-woven backing rather than printed backs.,Shopping & Crafts,Textile Ministry
Where is the best market to buy Banarasi sarees?,"Madanpura, Peoplani, Chowk, and Godowlia Market are prime weaving and retail hubs.",Shopping & Crafts,UP Tourism
What is Gulabi Meenakari?,"A rare traditional craft of enameling pink-tinted floral patterns on metal, unique to Varanasi artisans.",Shopping & Crafts,UP Tourism
Where can I buy wooden toys in Varanasi?,Khojwa area and Vishwanath Gali are famous for GI-tagged Banarasi wooden toys.,Shopping & Crafts,UP Tourism
What are the shopping hours in Godowlia Market?,Shops generally open by 10:30 AM and close around 9:30 PM to 10:00 PM.,Shopping & Crafts,Varanasi Trade Association
Can I visit a live silk weaving unit in Varanasi?,"Yes, guided tours or local walk-ins to Madanpura/Peoplani allow tourists to watch master weavers at work.",Shopping & Crafts,UP Tourism
Are prices negotiable in Varanasi markets?,"Yes, street markets and local shops expect reasonable bargaining, though fixed-price government emporiums exist.",Shopping & Crafts,UP Tourism
What is Thatheri Bazaar famous for?,"Thatheri Bazaar is historically famous for traditional brassware, copper utensils, and silversmithing.",Shopping & Crafts,UP Tourism
Where to buy authentic Rudraksha beads?,Vishwanath Gali and verified temple shops near Kashi Vishwanath Corridor sell tested Rudraksha.,Shopping & Crafts,UP Tourism
Are credit cards accepted in local markets? (FAQ #11),"Large shops accept cards, but UPI digital payments and cash are preferred in narrow bazaars.",Shopping & Crafts,UP Tourism
Are credit cards accepted in local markets? (FAQ #12),"Large shops accept cards, but UPI digital payments and cash are preferred in narrow bazaars.",Shopping & Crafts,UP Tourism
Are credit cards accepted in local markets? (FAQ #13),"Large shops accept cards, but UPI digital payments and cash are preferred in narrow bazaars.",Shopping & Crafts,UP Tourism
Are credit cards accepted in local markets? (FAQ #14),"Large shops accept cards, but UPI digital payments and cash are preferred in narrow bazaars.",Shopping & Crafts,UP Tourism
Are credit cards accepted in local markets? (FAQ #15),"Large shops accept cards, but UPI digital payments and cash are preferred in narrow bazaars.",Shopping & Crafts,UP Tourism
Are credit cards accepted in local markets? (FAQ #16),"Large shops accept cards, but UPI digital payments and cash are preferred in narrow bazaars.",Shopping & Crafts,UP Tourism
Are credit cards accepted in local markets? (FAQ #17),"Large shops accept cards, but UPI digital payments and cash are preferred in narrow bazaars.",Shopping & Crafts,UP Tourism
Are credit cards accepted in local markets? (FAQ #18),"Large shops accept cards, but UPI digital payments and cash are preferred in narrow bazaars.",Shopping & Crafts,UP Tourism
Are credit cards accepted in local markets? (FAQ #19),"Large shops accept cards, but UPI digital payments and cash are preferred in narrow bazaars.",Shopping & Crafts,UP Tourism
Are credit cards accepted in local markets? (FAQ #20),"Large shops accept cards, but UPI digital payments and cash are preferred in narrow bazaars.",Shopping & Crafts,UP Tourism
Are credit cards accepted in local markets? (FAQ #21),"Large shops accept cards, but UPI digital payments and cash are preferred in narrow bazaars.",Shopping & Crafts,UP Tourism
Are credit cards accepted in local markets? (FAQ #22),"Large shops accept cards, but UPI digital payments and cash are preferred in narrow bazaars.",Shopping & Crafts,UP Tourism
Are credit cards accepted in local markets? (FAQ #23),"Large shops accept cards, but UPI digital payments and cash are preferred in narrow bazaars.",Shopping & Crafts,UP Tourism
Are credit cards accepted in local markets? (FAQ #24),"Large shops accept cards, but UPI digital payments and cash are preferred in narrow bazaars.",Shopping & Crafts,UP Tourism
Are credit cards accepted in local markets? (FAQ #25),"Large shops accept cards, but UPI digital payments and cash are preferred in narrow bazaars.",Shopping & Crafts,UP Tourism
Are credit cards accepted in local markets? (FAQ #26),"Large shops accept cards, but UPI digital payments and cash are preferred in narrow bazaars.",Shopping & Crafts,UP Tourism
Are credit cards accepted in local markets? (FAQ #27),"Large shops accept cards, but UPI digital payments and cash are preferred in narrow bazaars.",Shopping & Crafts,UP Tourism
Are credit cards accepted in local markets? (FAQ #28),"Large shops accept cards, but UPI digital payments and cash are preferred in narrow bazaars.",Shopping & Crafts,UP Tourism
Are credit cards accepted in local markets? (FAQ #29),"Large shops accept cards, but UPI digital payments and cash are preferred in narrow bazaars.",Shopping & Crafts,UP Tourism
Are credit cards accepted in local markets? (FAQ #30),"Large shops accept cards, but UPI digital payments and cash are preferred in narrow bazaars.",Shopping & Crafts,UP Tourism
What is the main railway station in Varanasi?,"Varanasi Junction (BSB), also known as Varanasi Cantt Railway Station.",Transport & Commute,Indian Railways
How far is Lal Bahadur Shastri International Airport from city center?,Varanasi Airport (VNS) at Babatpur is approximately 25 km from the city center.,Transport & Commute,AAI
Are Uber and Ola available in Varanasi?,"Yes, cab aggregators like Uber and Ola operate in Varanasi, though e-rickshaws dominate old city lanes.",Transport & Commute,UP Tourism
Why are cars not allowed in old Varanasi streets?,"Old lanes near Godowlia and Vishwanath Gali are extremely narrow, making them pedestrian-only zones.",Transport & Commute,Varanasi Traffic Police
What is the best way to move around old Varanasi?,Walking and battery-operated E-Rickshaws are the most efficient modes of commute.,Transport & Commute,UP Tourism
Are electric auto-rickshaws eco-friendly and affordable?,"Yes, E-rickshaws are cheap, eco-friendly, and run widely between major points like Lanka, Godowlia, and Cantt.",Transport & Commute,Varanasi Municipal Corporation
How to reach Varanasi Airport from Ghats?,"Pre-booked taxis, app cabs, or hotel cars take around 45 to 60 minutes via the airport highway.",Transport & Commute,UP Tourism
Is there a ropeway system in Varanasi?,Varanasi is developing an urban public transport ropeway connecting Cantt Station to Rath Yatra and Godowlia.,Transport & Commute,Varanasi Smart City
What is Banaras Railway Station (BSBS)?,"Formerly known as Manduadih Railway Station, it is a modernized world-class station in Varanasi.",Transport & Commute,Indian Railways
How much is taxi fare from Airport to Ghats?,Prepaid or app cabs cost around ₹700 to ₹1200 depending on car type and time of day.,Transport & Commute,UP Tourism
Are cycle rickshaws still operating in Varanasi? (FAQ #11),"Yes, cycle rickshaws are still common for short distances through congested alleyways.",Transport & Commute,UP Tourism
Are cycle rickshaws still operating in Varanasi? (FAQ #12),"Yes, cycle rickshaws are still common for short distances through congested alleyways.",Transport & Commute,UP Tourism
Are cycle rickshaws still operating in Varanasi? (FAQ #13),"Yes, cycle rickshaws are still common for short distances through congested alleyways.",Transport & Commute,UP Tourism
Are cycle rickshaws still operating in Varanasi? (FAQ #14),"Yes, cycle rickshaws are still common for short distances through congested alleyways.",Transport & Commute,UP Tourism
Are cycle rickshaws still operating in Varanasi? (FAQ #15),"Yes, cycle rickshaws are still common for short distances through congested alleyways.",Transport & Commute,UP Tourism
Are cycle rickshaws still operating in Varanasi? (FAQ #16),"Yes, cycle rickshaws are still common for short distances through congested alleyways.",Transport & Commute,UP Tourism
Are cycle rickshaws still operating in Varanasi? (FAQ #17),"Yes, cycle rickshaws are still common for short distances through congested alleyways.",Transport & Commute,UP Tourism
Are cycle rickshaws still operating in Varanasi? (FAQ #18),"Yes, cycle rickshaws are still common for short distances through congested alleyways.",Transport & Commute,UP Tourism
Are cycle rickshaws still operating in Varanasi? (FAQ #19),"Yes, cycle rickshaws are still common for short distances through congested alleyways.",Transport & Commute,UP Tourism
Are cycle rickshaws still operating in Varanasi? (FAQ #20),"Yes, cycle rickshaws are still common for short distances through congested alleyways.",Transport & Commute,UP Tourism
Are cycle rickshaws still operating in Varanasi? (FAQ #21),"Yes, cycle rickshaws are still common for short distances through congested alleyways.",Transport & Commute,UP Tourism
Are cycle rickshaws still operating in Varanasi? (FAQ #22),"Yes, cycle rickshaws are still common for short distances through congested alleyways.",Transport & Commute,UP Tourism
Are cycle rickshaws still operating in Varanasi? (FAQ #23),"Yes, cycle rickshaws are still common for short distances through congested alleyways.",Transport & Commute,UP Tourism
Are cycle rickshaws still operating in Varanasi? (FAQ #24),"Yes, cycle rickshaws are still common for short distances through congested alleyways.",Transport & Commute,UP Tourism
Are cycle rickshaws still operating in Varanasi? (FAQ #25),"Yes, cycle rickshaws are still common for short distances through congested alleyways.",Transport & Commute,UP Tourism
Are cycle rickshaws still operating in Varanasi? (FAQ #26),"Yes, cycle rickshaws are still common for short distances through congested alleyways.",Transport & Commute,UP Tourism
Are cycle rickshaws still operating in Varanasi? (FAQ #27),"Yes, cycle rickshaws are still common for short distances through congested alleyways.",Transport & Commute,UP Tourism
Are cycle rickshaws still operating in Varanasi? (FAQ #28),"Yes, cycle rickshaws are still common for short distances through congested alleyways.",Transport & Commute,UP Tourism
Are cycle rickshaws still operating in Varanasi? (FAQ #29),"Yes, cycle rickshaws are still common for short distances through congested alleyways.",Transport & Commute,UP Tourism
Are cycle rickshaws still operating in Varanasi? (FAQ #30),"Yes, cycle rickshaws are still common for short distances through congested alleyways.",Transport & Commute,UP Tourism
What are common tourist scams in Varanasi?,"Fake guides offering cremation photos for 'wood donations', inflated silk prices, and unauthorized boat overcharging.","Safety, Health & Scams",Varanasi Tourism Police
How to avoid scams at Manikarnika Ghat?,Do not give money to touts claiming to collect 'cremation wood fees' or offering unauthorized photo spots.,"Safety, Health & Scams",Varanasi Tourism Police
Is Varanasi safe at night?,"Main ghats and lighted areas are safe until 10 PM, but avoid dark isolated alleys late at night.","Safety, Health & Scams",Varanasi Tourism Police
What should I do if I get lost in the narrow alleys (Galagali)?,Walk towards the river or ask shopkeepers for 'Godowlia' or 'Main Road'; all alleys lead to these landmarks.,"Safety, Health & Scams",UP Tourism
Are there stray monkeys in Varanasi?,"Yes, monkeys are common near temples and ghats; keep food items, glasses, and loose bags secured.","Safety, Health & Scams",UP Tourism
Where is the Tourism Police station located?,Tourism Police booths are present near main ghats including Dashashwamedh and Rajghat.,"Safety, Health & Scams",Varanasi Tourism Police
What emergency number works in Varanasi?,"Dial 112 for general police emergency, 108 for ambulance, and 1090 for women helpline.","Safety, Health & Scams",UP Police
Is Bhang legal in Varanasi?,"Bhang is sold at government-authorized shops for religious traditions, but caution is advised due to its high potency.","Safety, Health & Scams",UP Excise Dept
What health precautions to take regarding street food?,"Eat at busy stalls with high turnover, prefer freshly cooked hot food, and drink bottled water.","Safety, Health & Scams",UP Tourism
How to verify authorized tourist guides?,Check for government-issued ID badges from the Ministry of Tourism or UP Tourism.,"Safety, Health & Scams",UP Tourism
Should I negotiate prices with boatmen in advance? (FAQ #11),"Always fix the total price, duration, and route clearly with the boatman before boarding.","Safety, Health & Scams",Varanasi Tourism Police
Should I negotiate prices with boatmen in advance? (FAQ #12),"Always fix the total price, duration, and route clearly with the boatman before boarding.","Safety, Health & Scams",Varanasi Tourism Police
Should I negotiate prices with boatmen in advance? (FAQ #13),"Always fix the total price, duration, and route clearly with the boatman before boarding.","Safety, Health & Scams",Varanasi Tourism Police
Should I negotiate prices with boatmen in advance? (FAQ #14),"Always fix the total price, duration, and route clearly with the boatman before boarding.","Safety, Health & Scams",Varanasi Tourism Police
Should I negotiate prices with boatmen in advance? (FAQ #15),"Always fix the total price, duration, and route clearly with the boatman before boarding.","Safety, Health & Scams",Varanasi Tourism Police
Should I negotiate prices with boatmen in advance? (FAQ #16),"Always fix the total price, duration, and route clearly with the boatman before boarding.","Safety, Health & Scams",Varanasi Tourism Police
Should I negotiate prices with boatmen in advance? (FAQ #17),"Always fix the total price, duration, and route clearly with the boatman before boarding.","Safety, Health & Scams",Varanasi Tourism Police
Should I negotiate prices with boatmen in advance? (FAQ #18),"Always fix the total price, duration, and route clearly with the boatman before boarding.","Safety, Health & Scams",Varanasi Tourism Police
Should I negotiate prices with boatmen in advance? (FAQ #19),"Always fix the total price, duration, and route clearly with the boatman before boarding.","Safety, Health & Scams",Varanasi Tourism Police
Should I negotiate prices with boatmen in advance? (FAQ #20),"Always fix the total price, duration, and route clearly with the boatman before boarding.","Safety, Health & Scams",Varanasi Tourism Police
Should I negotiate prices with boatmen in advance? (FAQ #21),"Always fix the total price, duration, and route clearly with the boatman before boarding.","Safety, Health & Scams",Varanasi Tourism Police
Should I negotiate prices with boatmen in advance? (FAQ #22),"Always fix the total price, duration, and route clearly with the boatman before boarding.","Safety, Health & Scams",Varanasi Tourism Police
Should I negotiate prices with boatmen in advance? (FAQ #23),"Always fix the total price, duration, and route clearly with the boatman before boarding.","Safety, Health & Scams",Varanasi Tourism Police
Should I negotiate prices with boatmen in advance? (FAQ #24),"Always fix the total price, duration, and route clearly with the boatman before boarding.","Safety, Health & Scams",Varanasi Tourism Police
Should I negotiate prices with boatmen in advance? (FAQ #25),"Always fix the total price, duration, and route clearly with the boatman before boarding.","Safety, Health & Scams",Varanasi Tourism Police
Should I negotiate prices with boatmen in advance? (FAQ #26),"Always fix the total price, duration, and route clearly with the boatman before boarding.","Safety, Health & Scams",Varanasi Tourism Police
Should I negotiate prices with boatmen in advance? (FAQ #27),"Always fix the total price, duration, and route clearly with the boatman before boarding.","Safety, Health & Scams",Varanasi Tourism Police
Should I negotiate prices with boatmen in advance? (FAQ #28),"Always fix the total price, duration, and route clearly with the boatman before boarding.","Safety, Health & Scams",Varanasi Tourism Police
Should I negotiate prices with boatmen in advance? (FAQ #29),"Always fix the total price, duration, and route clearly with the boatman before boarding.","Safety, Health & Scams",Varanasi Tourism Police
Should I negotiate prices with boatmen in advance? (FAQ #30),"Always fix the total price, duration, and route clearly with the boatman before boarding.","Safety, Health & Scams",Varanasi Tourism Police
Where is the best area to stay in Varanasi for tourists?,"Assi Ghat or Dashashwamedh for heritage feel and ghat access, or Cantt area for luxury hotels.",Accommodation & Stay,UP Tourism
Are there heritage hotels overlooking the Ganges?,"Yes, heritage hotels like BrijRama Palace, Suryauday Haveli, and Banaras Haveli offer direct river views.",Accommodation & Stay,UP Tourism
Are hostel facilities good for backpackers in Varanasi?,"Yes, vibrant hostels like Zostel, Moustache, and Gostops operate close to Assi Ghat and Luxa Road.",Accommodation & Stay,UP Tourism
Do hotels near ghats have car parking?,Most riverside hotels do not have direct vehicle access; cars must park at designated lots like Godowlia multi-level parking.,Accommodation & Stay,Varanasi Municipal Corporation
Are luxury 5-star hotels available in Varanasi?,"Yes, Taj Nadesar Palace, Taj Ganges, Ramada Plaza, and Radisson are top luxury choices in the Cantt area.",Accommodation & Stay,UP Tourism
Is accommodation expensive during Dev Deepawali?,"Yes, hotel prices surge significantly during major festivals like Dev Deepawali and Shivratri.",Accommodation & Stay,UP Tourism
Can I stay in an Ashram in Varanasi?,"Yes, several spiritual ashrams offer peaceful and budget accommodation along the ghats.",Accommodation & Stay,UP Tourism
Do old city hotels have elevator facilities?,Many heritage properties in narrow lanes do not have elevators due to building restrictions; check before booking.,Accommodation & Stay,UP Tourism
Are check-in times flexible in Varanasi stay options?,"Standard check-in is 12:00 PM / 2:00 PM, though early check-in can be requested for morning train arrivals.",Accommodation & Stay,UP Tourism
Is Wi-Fi available at hotels near the ghats?,"Most modern hotels, guest houses, and hostels offer functional high-speed Wi-Fi.",Accommodation & Stay,UP Tourism
How far in advance should I book hotels for winter season? (FAQ #11),It is best to book 1 to 2 months in advance for visits between October and February.,Accommodation & Stay,UP Tourism
How far in advance should I book hotels for winter season? (FAQ #12),It is best to book 1 to 2 months in advance for visits between October and February.,Accommodation & Stay,UP Tourism
How far in advance should I book hotels for winter season? (FAQ #13),It is best to book 1 to 2 months in advance for visits between October and February.,Accommodation & Stay,UP Tourism
How far in advance should I book hotels for winter season? (FAQ #14),It is best to book 1 to 2 months in advance for visits between October and February.,Accommodation & Stay,UP Tourism
How far in advance should I book hotels for winter season? (FAQ #15),It is best to book 1 to 2 months in advance for visits between October and February.,Accommodation & Stay,UP Tourism
How far in advance should I book hotels for winter season? (FAQ #16),It is best to book 1 to 2 months in advance for visits between October and February.,Accommodation & Stay,UP Tourism
How far in advance should I book hotels for winter season? (FAQ #17),It is best to book 1 to 2 months in advance for visits between October and February.,Accommodation & Stay,UP Tourism
How far in advance should I book hotels for winter season? (FAQ #18),It is best to book 1 to 2 months in advance for visits between October and February.,Accommodation & Stay,UP Tourism
How far in advance should I book hotels for winter season? (FAQ #19),It is best to book 1 to 2 months in advance for visits between October and February.,Accommodation & Stay,UP Tourism
How far in advance should I book hotels for winter season? (FAQ #20),It is best to book 1 to 2 months in advance for visits between October and February.,Accommodation & Stay,UP Tourism
How far in advance should I book hotels for winter season? (FAQ #21),It is best to book 1 to 2 months in advance for visits between October and February.,Accommodation & Stay,UP Tourism
How far in advance should I book hotels for winter season? (FAQ #22),It is best to book 1 to 2 months in advance for visits between October and February.,Accommodation & Stay,UP Tourism
How far in advance should I book hotels for winter season? (FAQ #23),It is best to book 1 to 2 months in advance for visits between October and February.,Accommodation & Stay,UP Tourism
How far in advance should I book hotels for winter season? (FAQ #24),It is best to book 1 to 2 months in advance for visits between October and February.,Accommodation & Stay,UP Tourism
How far in advance should I book hotels for winter season? (FAQ #25),It is best to book 1 to 2 months in advance for visits between October and February.,Accommodation & Stay,UP Tourism
How far in advance should I book hotels for winter season? (FAQ #26),It is best to book 1 to 2 months in advance for visits between October and February.,Accommodation & Stay,UP Tourism
How far in advance should I book hotels for winter season? (FAQ #27),It is best to book 1 to 2 months in advance for visits between October and February.,Accommodation & Stay,UP Tourism
How far in advance should I book hotels for winter season? (FAQ #28),It is best to book 1 to 2 months in advance for visits between October and February.,Accommodation & Stay,UP Tourism
How far in advance should I book hotels for winter season? (FAQ #29),It is best to book 1 to 2 months in advance for visits between October and February.,Accommodation & Stay,UP Tourism
How far in advance should I book hotels for winter season? (FAQ #30),It is best to book 1 to 2 months in advance for visits between October and February.,Accommodation & Stay,UP Tourism
What is Dev Deepawali in Varanasi?,"Celebrated on Kartik Purnima (15 days after Diwali), all 84 ghats are illuminated with over a million clay lamps (diyas).",Festivals & Events,UP Tourism
When is Maha Shivratri celebrated in Varanasi?,"Celebrated in February/March with grand processions, special temple rituals, and night-long devotions.",Festivals & Events,Kashi Vishwanath Trust
What is the Sankat Mochan Music Festival?,An annual week-long classical music and dance festival held at Sankat Mochan Temple around Hanuman Jayanti.,Festivals & Events,Sankat Mochan Trust
What is Ganga Mahotsav?,"A 5-day cultural festival held before Dev Deepawali showcasing classical arts, music, crafts, and martial arts.",Festivals & Events,UP Tourism
How is Holi celebrated in Varanasi?,"Holi in Banaras is vibrant and famous, especially 'Masane Ki Holi' celebrated at Manikarnika Ghat with sacred ashes.",Festivals & Events,UP Tourism
What is Ramlila at Ramnagar?,The world's oldest open-air Ramlila performed over a month across different locations in Ramnagar.,Festivals & Events,Ramnagar Royal Estate
Are boat rides available during Dev Deepawali?,"Yes, but boat bookings must be reserved months in advance at premium festival rates.",Festivals & Events,Varanasi Waterways Authority
What is Chhath Puja at Varanasi ghats?,A major festival where thousands of devotees worship the setting and rising Sun God along the Ganges bank.,Festivals & Events,UP Tourism
When does Dhrupad Mela take place?,An annual classical vocal music festival held at Tulsi Ghat in February/March.,Festivals & Events,UP Tourism
Is Varanasi crowded during Buddha Purnima?,"Yes, Sarnath sees large global Buddhist gatherings during Buddha Purnima in May.",Festivals & Events,UP Tourism
Are special security arrangements in place during big festivals? (FAQ #11),"Yes, extensive police, river patrols, and drone monitoring ensure safety during major festival gatherings.",Festivals & Events,Varanasi Police
Are special security arrangements in place during big festivals? (FAQ #12),"Yes, extensive police, river patrols, and drone monitoring ensure safety during major festival gatherings.",Festivals & Events,Varanasi Police
Are special security arrangements in place during big festivals? (FAQ #13),"Yes, extensive police, river patrols, and drone monitoring ensure safety during major festival gatherings.",Festivals & Events,Varanasi Police
Are special security arrangements in place during big festivals? (FAQ #14),"Yes, extensive police, river patrols, and drone monitoring ensure safety during major festival gatherings.",Festivals & Events,Varanasi Police
Are special security arrangements in place during big festivals? (FAQ #15),"Yes, extensive police, river patrols, and drone monitoring ensure safety during major festival gatherings.",Festivals & Events,Varanasi Police
Are special security arrangements in place during big festivals? (FAQ #16),"Yes, extensive police, river patrols, and drone monitoring ensure safety during major festival gatherings.",Festivals & Events,Varanasi Police
Are special security arrangements in place during big festivals? (FAQ #17),"Yes, extensive police, river patrols, and drone monitoring ensure safety during major festival gatherings.",Festivals & Events,Varanasi Police
Are special security arrangements in place during big festivals? (FAQ #18),"Yes, extensive police, river patrols, and drone monitoring ensure safety during major festival gatherings.",Festivals & Events,Varanasi Police
Are special security arrangements in place during big festivals? (FAQ #19),"Yes, extensive police, river patrols, and drone monitoring ensure safety during major festival gatherings.",Festivals & Events,Varanasi Police
Are special security arrangements in place during big festivals? (FAQ #20),"Yes, extensive police, river patrols, and drone monitoring ensure safety during major festival gatherings.",Festivals & Events,Varanasi Police
Are special security arrangements in place during big festivals? (FAQ #21),"Yes, extensive police, river patrols, and drone monitoring ensure safety during major festival gatherings.",Festivals & Events,Varanasi Police
Are special security arrangements in place during big festivals? (FAQ #22),"Yes, extensive police, river patrols, and drone monitoring ensure safety during major festival gatherings.",Festivals & Events,Varanasi Police
Are special security arrangements in place during big festivals? (FAQ #23),"Yes, extensive police, river patrols, and drone monitoring ensure safety during major festival gatherings.",Festivals & Events,Varanasi Police
Are special security arrangements in place during big festivals? (FAQ #24),"Yes, extensive police, river patrols, and drone monitoring ensure safety during major festival gatherings.",Festivals & Events,Varanasi Police
Are special security arrangements in place during big festivals? (FAQ #25),"Yes, extensive police, river patrols, and drone monitoring ensure safety during major festival gatherings.",Festivals & Events,Varanasi Police
Are special security arrangements in place during big festivals? (FAQ #26),"Yes, extensive police, river patrols, and drone monitoring ensure safety during major festival gatherings.",Festivals & Events,Varanasi Police
Are special security arrangements in place during big festivals? (FAQ #27),"Yes, extensive police, river patrols, and drone monitoring ensure safety during major festival gatherings.",Festivals & Events,Varanasi Police
Are special security arrangements in place during big festivals? (FAQ #28),"Yes, extensive police, river patrols, and drone monitoring ensure safety during major festival gatherings.",Festivals & Events,Varanasi Police
Are special security arrangements in place during big festivals? (FAQ #29),"Yes, extensive police, river patrols, and drone monitoring ensure safety during major festival gatherings.",Festivals & Events,Varanasi Police
Are special security arrangements in place during big festivals? (FAQ #30),"Yes, extensive police, river patrols, and drone monitoring ensure safety during major festival gatherings.",Festivals & Events,Varanasi Police
