Festival,Month,Location,Description,Best Time,Crowd Level
Dev Deepawali,November (Kartik Purnima),"All 84 Ganges Ghats (Central focus on Dashashwamedh, Rajghat, and Assi Ghat)","Celebrated 15 days after Diwali on full moon night, where all 84 ghats are illuminated with over a million oil lamps (diyas), accompanied by riverfront cultural performances and laser shows.",5:00 PM - 9:30 PM,Extremely High
Maha Shivratri,February / March,"Kashi Vishwanath Temple, Tilbhandeshwar Temple, and citywide temple processions","The night of Lord Shiva featuring grand Shiva Baraat (marriage processions), night-long temple rituals, continuous chanting, and intense devotion across the city.",4:00 AM (Early Morning Darshan) & 7:00 PM (Procession),Extremely High
Subah-e-Banaras Morning Cultural Festival,Year-round (Special editions in Winter),Assi Ghat,"A daily morning spiritual and cultural celebration featuring Vedic chanting, sunrise Ganga Aarti, classical music performances, and mass yoga sessions.",5:00 AM - 7:00 AM,High
Sankat Mochan Music Festival,April (Hanuman Jayanti period),Sankat Mochan Hanuman Temple,A famous 6-night classical music and dance festival featuring legendary Indian classical artists performing as a seva (service) to Lord Hanuman.,7:30 PM - 2:00 AM,High
Ganga Mahotsav,November,Rajghat & Dashashwamedh Ghat,"A 5-day state cultural festival held leading up to Dev Deepawali, highlighting classical music, folk dance performances, local crafts, and traditional sports.",6:00 PM - 10:00 PM,High
Masane Ki Holi (Bhasma Holi),March (Rangbhari Ekadashi),Manikarnika Ghat & Kashi Vishwanath Corridor,"A unique Varanasi tradition where devotees play Holi with sacred pyre ashes (bhasma) and gulal at the cremation ghat, celebrating the playful spirit of Lord Shiva.",11:00 AM - 3:00 PM,Very High
Chhath Puja,October / November,"All major Ganges Ghats (Assi Ghat, Dashashwamedh, Namo Ghat)",A sacred 4-day festival dedicated to the Sun God (Surya Dev) where thousands of devotees offer prayers and holy water dips at riverfront steps during sunset and sunrise.,5:00 PM (Sunset) & 5:30 AM (Sunrise),Extremely High
Ramnagar Ramlila,September / October (Sharad Navratri),Ramnagar Fort and various outdoor grounds in Ramnagar,"The world's oldest continuous open-air theater performance, lasting nearly a month with no electric lights or microphones, enacted under the patronage of the Kashi Royal Family.",5:00 PM - 9:00 PM,High
Dhrupad Mela,February,Tulsi Ghat,"A 3-night musical festival exclusively dedicated to the ancient Dhrupad genre of Indian classical music, attracting master vocalists and enthusiasts worldwide.",7:00 PM - 1:00 AM,Moderate
Buddha Purnima,May,Sarnath Archaeological Complex & Mulagandha Kuti Vihar,"Commemorating the birth, enlightenment, and parinirvana of Lord Buddha with international Buddhist processions, monk chanting, relic displays, and garden prayers.",7:00 AM - 12:00 PM,High
Annakoot & Chhapan Bhog,October / November (Day after Diwali),Annapurna Temple & Kashi Vishwanath Temple,A grand festival of food offerings where Goddess Annapurna is adorned with a solid gold idol (revealed once a year) and presented with 56 traditional food delicacies.,6:00 AM - 10:00 PM,Very High
Makar Sankranti,January,Main Ghats & Tilbhandeshwar Temple,"Marks the sun's transit into Capricorn; celebrated with holy dips in the Ganges, kite flying on ghat rooftops, and eating sesame sweets (til-gur) and khichdi.",6:00 AM - 12:00 PM,High
Nag Nathaiya (Kaliya Mardan Leela),November (Kartik Shukla Fourth),Tulsi Ghat,"A famous 400-year-old traditional reenactment of Lord Krishna jumping into the Ganges to subdue the multi-hooded serpent Kaliya, performed on a large wooden kadamba branch.",3:30 PM - 5:30 PM,High
Panchkroshi Yatra,Variable (usually April / May),50-mile pilgrimage circuit around sacred Kashi boundary,"An ancient 5-day barefoot circumambulation around the sacred perimeter of Varanasi, visiting 108 shrines along the rural boundary path.",Early Morning - Sunset,Moderate to High
Kartik Snan & Deepdan,October / November (Kartik Month),Ganges River Ghats,A month-long holy bathing tradition where pilgrims take pre-sunrise dips in the Ganges and float small floating clay lamps on leaves down the river every evening.,4:30 AM (Morning Dip) & 6:00 PM (Deepdan),High
