Tip_ID,Category,Tip
TIP001,Safety,Beware of touts offering 'free' guided tours near Dashashwamedh Ghat; they usually steer you into overpriced silk shops.
TIP002,Safety,Avoid taking photos of funeral pyres at Manikarnika Ghat to respect grieving families and local customs.
TIP003,Safety,Do not accept unsolicited offers for 'cremation wood donations' from stranger guides near cremation ghats.
TIP004,Safety,"Keep your belongings, glasses, and phone secured around Durga Kund and Hanuman temples to prevent monkey snatching."
TIP005,Safety,Stick to well-lit main lanes and ghat areas if walking around late at night.
TIP006,Safety,"Download offline maps (like Google Maps) before venturing into the narrow, winding alleys (Galagali)."
TIP007,Safety,Always use official pre-paid taxi booths or app-based cabs when arriving at Varanasi Babatpur Airport.
TIP008,Safety,"Keep a copy of your passport, visa, and ID stored securely on your phone or cloud storage."
TIP009,Safety,Be cautious when drinking tap water; always consume sealed mineral water bottles from reputable brands.
TIP010,Safety,Avoid stepping directly onto wet and slippery algae-covered lower ghat steps during the monsoon season.
TIP011,Safety,"Never buy or accept narcotics, as strict local police patrolling is active across all major ghats."
TIP012,Safety,Keep your wallet in your front pocket when navigating crowded areas like Godowlia Crossing.
TIP013,Safety,"If lost in narrow alleys, ask local shopkeepers for the route to 'Main Road' or 'Godowlia' to orient yourself."
TIP014,Safety,Check the weather and river current warnings before venturing close to deep Ganges waters.
TIP015,Safety,"Store emergency contacts, including local police and your accommodation phone number, on speed dial."
TIP016,Temple Etiquette,Remove footwear at designated shoe counters outside temple premises before entering.
TIP017,Temple Etiquette,Ensure your mobile phone is turned off or on silent mode near sacred shrines.
TIP018,Temple Etiquette,"Deposit phones, cameras, leather belts, and bags in free official lockers outside Kashi Vishwanath Temple."
TIP019,Temple Etiquette,Dress modestly by covering your shoulders and knees when visiting all temples and sacred shrines.
TIP020,Temple Etiquette,"If booking VIP or Sugam Darshan at Kashi Vishwanath, adhere strictly to traditional attire requirements."
TIP021,Temple Etiquette,Avoid touching deity idols unless explicitly permitted by priests during specific ritual offerings.
TIP022,Temple Etiquette,Refrain from taking photographs or recording videos inside temple sanctum sanctorum areas.
TIP023,Temple Etiquette,Accept temple prasad (holy offerings) with your right hand as a sign of respect.
TIP024,Temple Etiquette,"Seek permission from Kaal Bhairav Temple first, as local tradition considers him the protective guardian of Kashi."
TIP025,Temple Etiquette,Be mindful of fast-moving queues during peak morning and evening aarti hours.
TIP026,Temple Etiquette,Do not carry leather items like wallets or belts inside orthodox Hindu temple shrines.
TIP027,Temple Etiquette,Maintain silence or speak softly inside temple halls to respect meditational environments.
TIP028,Temple Etiquette,Stand in designated lines and follow directions given by temple security guards and police personnel.
TIP029,Temple Etiquette,"At Bharat Mata Mandir, remove your shoes before stepping onto the marble map platform."
TIP030,Temple Etiquette,"When visiting Buddhist temples in Sarnath, walk clockwise around stupas and shrine structures."
TIP031,Boat Ride Tips,"Fix the total fare, route, and duration with the boatman before stepping onto any boat."
TIP032,Boat Ride Tips,Book early morning boat rides around 5:30 AM to witness sunrise and morning rituals along the ghats.
TIP033,Boat Ride Tips,"Opt for hand-paddled rowboats for a quiet experience, or motorboats/cruises for longer stretches."
TIP034,Boat Ride Tips,Always wear a life jacket when riding motorboats or wooden boats on the Ganges.
TIP035,Boat Ride Tips,Book boat tickets for Dev Deepawali several weeks in advance due to extreme demand.
TIP036,Boat Ride Tips,Verify if the agreed price covers the entire boat or is charged per person to avoid disputes.
TIP037,Boat Ride Tips,Take sunset boat rides between 5:30 PM and 6:30 PM to view the Dashashwamedh Ganga Aarti from the water.
TIP038,Boat Ride Tips,"During high flood monsoon months, heed local administration bans on river boating."
TIP039,Boat Ride Tips,Negotiate boat prices politely; standard rowboats typically cost less than large motorboats.
TIP040,Boat Ride Tips,Keep your camera strap securely fastened around your wrist or neck while taking photos from boats.
TIP041,Boat Ride Tips,Do not feed migratory birds non-approved snacks or junk food during winter boat rides.
TIP042,Boat Ride Tips,Confirm that your boat stops near major landmark ghats like Manikarnika and Assi Ghat.
TIP043,Boat Ride Tips,Carry a light jacket or shawl during winter morning boat rides as river winds can be chilly.
TIP044,Boat Ride Tips,"Use registered boat operator jetties at Assi Ghat, Dashashwamedh, or Namo Ghat."
TIP045,Boat Ride Tips,Ensure children wear properly fitted safety life vests throughout the boat trip.
TIP046,Local Food Tips,Try Banarasi Tamatar Chaat served hot in clay pots (kulhad) at Kashi Chat Bhandar or Deena Chat.
TIP047,Local Food Tips,"Sample winter-special Malaiyo, a foamy saffron milk dessert available in Thatheri Bazaar in winter mornings."
TIP048,Local Food Tips,Taste authentic Banarasi Paan from reputable sweet and paan shops near Chowk.
TIP049,Local Food Tips,Enjoy hot Puri Kachori and Jalebi for breakfast from Kachauri Gali early in the morning.
TIP050,Local Food Tips,Drink chilled rabri-topped lassi served in traditional kulhads at Blue Lassi Shop or Pehalwan Lassi.
TIP051,Local Food Tips,Dine on authentic Baati Chokha at specialized traditional restaurants near Teliyabag.
TIP052,Local Food Tips,Eat at busy street stalls with high customer turnover to ensure food is freshly prepared.
TIP053,Local Food Tips,Note that central riverside areas strictly serve 100% vegetarian cuisine.
TIP054,Local Food Tips,Try wood-fired pizzas and continental food at Assi Ghat rooftop cafes.
TIP055,Local Food Tips,Avoid raw street salads or unpeeled fruits washed in unverified tap water.
TIP056,Local Food Tips,Sample South Indian tiffin items near Kedar Ghat catered to South Indian pilgrims.
TIP057,Local Food Tips,Drink sealed bottled mineral water or purified RO water at all dining spots.
TIP058,Local Food Tips,Try traditional sweet pedas and rabri near temple entry zones.
TIP059,Local Food Tips,Check restaurant opening times; traditional breakfast places start early around 7:00 AM.
TIP060,Local Food Tips,Be cautious with government-authorized Bhang lassi; consume in small amounts due to high potency.
TIP061,Shopping Tips,Look for the certified 'Silk Mark' label when buying authentic Banarasi silk sarees.
TIP062,Shopping Tips,Visit government emporiums or weaver cooperatives in Madanpura for fair pricing on handloom sarees.
TIP063,Shopping Tips,"Examine the reverse side of silk sarees; genuine handwoven silk shows threads, while machine prints are smooth."
TIP064,Shopping Tips,Bargain respectfully in open street markets like Godowlia and Thatheri Bazaar.
TIP065,Shopping Tips,Buy GI-tagged Banarasi wooden lacquered toys in Khojwa or Vishwanath Gali.
TIP066,Shopping Tips,"Explore Thatheri Bazaar for hand-beaten brassware, copper utensils, and silver ornaments."
TIP067,Shopping Tips,Purchase authentic Rudraksha mala beads from established shops inside Kashi Vishwanath Corridor.
TIP068,Shopping Tips,Beware of commission-based drivers taking you to overpriced private saree showrooms.
TIP069,Shopping Tips,Keep cash or active UPI digital payment apps handy for small market purchases.
TIP070,Shopping Tips,Check the quality and authenticity of Gulabi Meenakari enameled jewelry items before buying.
TIP071,Shopping Tips,Store purchased silk sarees in cotton bags rather than plastic to preserve fabric quality.
TIP072,Shopping Tips,Note that many traditional shops in Thatheri Bazaar remain closed on Sundays.
TIP073,Shopping Tips,Request a proper tax invoice and warranty card when purchasing high-value silk or jewelry.
TIP074,Shopping Tips,Compare prices across two to three vendors in Godowlia before finalizing your purchase.
TIP075,Shopping Tips,Buy local stone-carved souvenirs and handicrafts near Sarnath complex market stalls.
TIP076,Transport Tips,Use battery-operated E-Rickshaws for budget-friendly commuting across main city routes.
TIP077,Transport Tips,Expect pedestrian-only walking zones around Godowlia and Vishwanath Gali where vehicles are barred.
TIP078,Transport Tips,Confirm taxi and auto fares before starting your journey if the vehicle lacks a running meter.
TIP079,Transport Tips,Use app cabs like Uber or Ola for reliable transit to the airport or Cantt railway station.
TIP080,Transport Tips,"Keep comfortable walking shoes ready, as exploring the old city requires extensive walking through narrow alleys."
TIP081,Transport Tips,Allow extra travel time during peak festival days due to heavy traffic diversions.
TIP082,Transport Tips,Utilize cycle rickshaws for short distances through tightly congested street lanes.
TIP083,Transport Tips,Identify your arrival railway station correctly (Varanasi Junction BSB vs Banaras BSBS vs Kashi).
TIP084,Transport Tips,Take pre-paid taxis from Babatpur Airport to prevent fare overcharging.
TIP085,Transport Tips,Note that heavy four-wheelers cannot enter narrow ghat lanes; drop-off is usually at Godowlia or Assi.
TIP086,Transport Tips,"Keep local small-denomination currency notes (₹10, ₹20, ₹50) ready for rickshaw fares."
TIP087,Transport Tips,Avoid auto rickshaws that insist on stopping at specific commission-linked retail shops.
TIP088,Transport Tips,Use the newly developed Namo Ghat promenade route for convenient vehicle drop-offs.
TIP089,Transport Tips,Check electric boat shuttle options connecting major ghats along the river corridor.
TIP090,Transport Tips,Keep your offline navigation map open while taking auto rides in unfamiliar routes.
TIP091,Emergency Tips,Dial 112 for immediate police emergency assistance across Varanasi.
TIP092,Emergency Tips,Contact 108 for emergency medical service and ambulance response.
TIP093,Emergency Tips,Reach out to the Varanasi Tourist Police booth located near Dashashwamedh Ghat for tourist assistance.
TIP094,Emergency Tips,Dial 1090 for the dedicated 24/7 Women Power Helpline.
TIP095,Emergency Tips,Save the contact number and exact location address of your hotel or hostel on your phone.
TIP096,Emergency Tips,Visit major government medical institutions like Sir Sunderlal Hospital (BHU Campus) for emergency care.
TIP097,Emergency Tips,Keep digital and printed copies of emergency medical insurance details.
TIP098,Emergency Tips,Report lost property or theft immediately at the nearest police station or tourist help desk.
TIP099,Emergency Tips,"Identify nearby landmark ghats or crossings (e.g., Godowlia, Assi) if separated from your travel group."
TIP100,Emergency Tips,Contact your respective embassy or consulate helpline if you lose foreign passport credentials.
